Country,2020/1/25,2020/1/26,2020/1/27,2020/1/28,2020/1/29,2020/1/30,2020/1/31,2020/2/1,2020/2/2,2020/2/3,2020/2/4,2020/2/5,2020/2/6,2020/2/7,2020/2/8,2020/2/9,2020/2/10,2020/2/11,2020/2/12,2020/2/13,2020/2/14,2020/2/15,2020/2/16,2020/2/17,2020/2/18,2020/2/19,2020/2/20,2020/2/21,2020/2/22,2020/2/23,2020/2/24,2020/2/25,2020/2/26,2020/2/27,2020/2/28,2020/2/29,2020/3/1,2020/3/2,2020/3/3,2020/3/4,2020/3/5,2020/3/6,2020/3/7,2020/3/8,2020/3/9,2020/3/10,2020/3/11,2020/3/12,2020/3/13,2020/3/14,2020/3/15,2020/3/16,2020/3/17,2020/3/18,2020/3/19,2020/3/20,2020/3/21,2020/3/22,2020/3/23,2020/3/24,2020/3/25,2020/3/26,2020/3/27,2020/3/28,2020/3/29,2020/3/30,2020/3/31,2020/4/1,2020/4/2,2020/4/3,2020/4/4,2020/4/5,2020/4/6,2020/4/7,2020/4/8,2020/4/9,2020/4/10,2020/4/11,2020/4/12,2020/4/13,2020/4/14,2020/4/15,2020/4/16,2020/4/17,2020/4/18,2020/4/19,2020/4/20,2020/4/21,2020/4/22,2020/4/23,2020/4/24,2020/4/25,2020/4/26,2020/4/27,2020/4/28,2020/4/29,2020/4/30,2020/5/1,2020/5/2,2020/5/3,2020/5/4,2020/5/5,2020/5/6,2020/5/7,2020/5/8,2020/5/9,2020/5/10,2020/5/11,2020/5/12,2020/5/13,2020/5/14,2020/5/15,2020/5/16,2020/5/17,2020/5/18,2020/5/19,2020/5/20,2020/5/21,2020/5/22,2020/5/23,2020/5/24,2020/5/25,2020/5/26,2020/5/27,2020/5/28,2020/5/29,2020/5/30,2020/5/31,2020/6/1,2020/6/2,2020/6/3,2020/6/4,2020/6/5,2020/6/6,2020/6/7,2020/6/8,2020/6/9,2020/6/10,2020/6/11,2020/6/12,2020/6/13,2020/6/14,2020/6/15,2020/6/16,2020/6/17,2020/6/18,2020/6/19,2020/6/20,2020/6/21,2020/6/22,2020/6/23,2020/6/24,2020/6/25,2020/6/26,2020/6/27,2020/6/28,2020/6/29,2020/6/30,2020/7/1,2020/7/2,2020/7/3,2020/7/4,2020/7/5,2020/7/6,2020/7/7,2020/7/8,2020/7/9,2020/7/10,2020/7/11,2020/7/12,2020/7/13,2020/7/14,2020/7/15,2020/7/16,2020/7/17,2020/7/18,2020/7/19,2020/7/20,2020/7/21,2020/7/22,2020/7/23,2020/7/24,2020/7/25,2020/7/26,2020/7/27,2020/7/28,2020/7/29,2020/7/30,2020/7/31,2020/8/1,2020/8/2,2020/8/3,2020/8/4,2020/8/5,2020/8/6,2020/8/7,2020/8/8,2020/8/9,2020/8/10,2020/8/11,2020/8/12,2020/8/13,2020/8/14,2020/8/15,2020/8/16,2020/8/17,2020/8/18,2020/8/19,2020/8/20,2020/8/21,2020/8/22,2020/8/23,2020/8/24,2020/8/25,2020/8/26,2020/8/27,2020/8/28,2020/8/29,2020/8/30,2020/8/31,2020/9/1,2020/9/2,2020/9/3,2020/9/4,2020/9/5,2020/9/6,2020/9/7,2020/9/8,2020/9/9,2020/9/10,2020/9/11,2020/9/12,2020/9/13,2020/9/14,2020/9/15,2020/9/16,2020/9/17,2020/9/18,2020/9/19,2020/9/20,2020/9/21,2020/9/22,2020/9/23,2020/9/24,2020/9/25,2020/9/26,2020/9/27,2020/9/28,2020/9/29,2020/9/30,2020/10/1,2020/10/2,2020/10/3,2020/10/4,2020/10/5,2020/10/6,2020/10/7,2020/10/8,2020/10/9,2020/10/10,2020/10/11,2020/10/12,2020/10/13,2020/10/14,2020/10/15,2020/10/16,2020/10/17,2020/10/18,2020/10/19,2020/10/20,2020/10/21,2020/10/22,2020/10/23,2020/10/24,2020/10/25,2020/10/26,2020/10/27,2020/10/28,2020/10/29,2020/10/30,2020/10/31,2020/11/1,2020/11/2,2020/11/3,2020/11/4,2020/11/5,2020/11/6,2020/11/7,2020/11/8,2020/11/9,2020/11/10,2020/11/11,2020/11/12,2020/11/13,2020/11/14,2020/11/15,2020/11/16,2020/11/17,2020/11/18,2020/11/19,2020/11/20,2020/11/21,2020/11/22,2020/11/23,2020/11/24,2020/11/25,2020/11/26,2020/11/27,2020/11/28,2020/11/29,2020/11/30,2020/12/1,2020/12/2,2020/12/3,2020/12/4,2020/12/5,2020/12/6,2020/12/7,2020/12/8,2020/12/9,2020/12/10,2020/12/11,2020/12/12,2020/12/13,2020/12/14,2020/12/15,2020/12/16,2020/12/17,2020/12/18,2020/12/19,2020/12/20,2020/12/21,2020/12/22,2020/12/23,2020/12/24,2020/12/25,2020/12/26,2020/12/27,2020/12/28,2020/12/29,2020/12/30,2020/12/31,2021/1/1,2021/1/2,2021/1/3,2021/1/4,2021/1/5,2021/1/6,2021/1/7,2021/1/8,2021/1/9,2021/1/10,2021/1/11,2021/1/12,2021/1/13,2021/1/14,2021/1/15,2021/1/16,2021/1/17,2021/1/18,2021/1/19,2021/1/20,2021/1/21,2021/1/22,2021/1/23,2021/1/24,2021/1/25,2021/1/26,2021/1/27,2021/1/28,2021/1/29,2021/1/30,2021/1/31,2021/2/1,2021/2/2,2021/2/3,2021/2/4,2021/2/5,2021/2/6,2021/2/7,2021/2/8,2021/2/9,2021/2/10,2021/2/11,2021/2/12,2021/2/13,2021/2/14,2021/2/15,2021/2/16,2021/2/17,2021/2/18,2021/2/19,2021/2/20,2021/2/21,2021/2/22,2021/2/23,2021/2/24,2021/2/25,2021/2/26,2021/2/27,2021/2/28,2021/3/1,2021/3/2,2021/3/3,2021/3/4,2021/3/5,2021/3/6,2021/3/7,2021/3/8,2021/3/9,2021/3/10,2021/3/11,2021/3/12,2021/3/13,2021/3/14,2021/3/15,2021/3/16,2021/3/17,2021/3/18,2021/3/19,2021/3/20,2021/3/21,2021/3/22,2021/3/23,2021/3/24,2021/3/25,2021/3/26,2021/3/27,2021/3/28,2021/3/29,2021/3/30,2021/3/31,2021/4/1,2021/4/2,2021/4/3,2021/4/4,2021/4/5,2021/4/6,2021/4/7,2021/4/8,2021/4/9,2021/4/10,2021/4/11,2021/4/12,2021/4/13,2021/4/14,2021/4/15,2021/4/16,2021/4/17,2021/4/18,2021/4/19
US,2,5,5,5,6,6,8,8,8,11,11,11,12,12,12,12,12,13,13,14,14,14,14,14,14,14,14,16,16,16,16,16,16,17,17,25,32,55,74,107,184,237,403,519,594,782,1147,1586,2219,2978,3212,4679,6512,9169,13663,20030,26025,34898,46136,56755,68837,86693,105383,125013,143912,165987,192301,224560,256792,289087,321477,351354,382747,413516,444731,480667,515081,544183,571440,598380,627205,652611,682626,715656,743588,769684,799512,825429,854288,887858,920185,950581,977082,1000785,1025362,1051800,1081020,1115946,1143296,1167593,1191678,1216209,1240769,1268180,1295019,1320155,1339022,1358293,1381241,1401649,1428467,1453214,1477373,1495736,1518126,1539133,1561830,1587596,1611253,1632364,1652431,1671104,1690754,1709303,1731625,1756098,1779731,1798718,1816154,1837656,1857511,1879150,1904550,1925710,1943626,1961263,1979647,2000757,2023890,2048756,2073964,2092912,2112731,2136401,2163465,2191991,2223553,2255823,2280971,2313123,2350198,2386074,2426391,2472385,2513731,2554461,2595744,2642174,2693993,2750622,2801983,2847664,2898432,2941517,3002171,3062290,3124786,3192841,3252874,3311312,3370208,3438244,3506364,3582184,3654445,3716980,3777456,3839546,3904066,3974630,4043070,4116393,4181308,4236083,4292934,4359391,4431244,4498701,4567420,4623604,4669149,4714678,4773479,4827936,4887293,4946590,5000709,5046463,5094087,5142088,5198137,5249451,5314791,5361712,5400904,5437580,5482614,5529973,5574013,5622842,5665887,5700119,5736641,5777001,5822167,5867547,5914395,5957126,5991507,6026895,6068759,6109773,6153983,6204376,6247464,6278633,6302200,6329593,6363650,6399723,6447501,6488563,6522914,6557342,6596849,6635867,6681004,6730288,6772447,6810862,6862834,6902696,6941758,6988869,7037151,7081803,7119311,7152546,7195994,7235428,7281081,7336043,7384578,7420293,7459742,7504998,7556060,7614653,7671034,7725952,7771893,7813735,7865983,7925748,7990636,8059782,8116518,8165858,8233610,8295581,8358864,8435164,8517113,8599842,8661982,8729385,8806228,8885632,8976684,9075924,9165619,9270467,9355775,9482891,9587499,9716853,9844858,9972308,10087380,10207953,10348449,10495075,10659914,10840303,11008064,11144288,11307233,11471155,11644332,11835880,12034177,12213451,12360235,12534684,12710198,12893485,13005807,13213995,13369528,13509762,13670332,13858551,14061108,14284721,14517506,14733048,14914060,15108918,15333410,15555949,15787464,16027441,16245026,16432729,16627550,16836556,17083256,17322981,17574950,17766856,17954675,18153724,18351735,18581353,18775557,18873203,19099491,19255126,19429760,19630012,19863696,20099363,20252991,20553301,20762047,20946329,21181440,21436884,21715174,22010389,22271084,22484332,22699326,22926246,23156608,23392315,23635046,23836726,24014508,24157924,24334630,24517866,24711684,24902437,25073050,25204112,25356081,25503621,25657566,25826176,25992744,26135056,26247053,26382255,26497588,26619229,26743204,26877601,26981588,27071236,27161551,27257183,27352360,27458120,27557758,27644880,27709901,27764087,27826806,27896924,27966848,28046145,28117670,28174750,28230970,28303233,28377965,28455466,28532812,28597387,28648744,28706973,28764033,28831226,28899277,28965728,29023931,29064938,29109974,29167616,29225536,29288010,29349533,29402465,29440686,29497352,29551309,29610445,29670983,29732612,29787986,29821754,29873347,29926950,30013910,30081375,30158696,30221396,30264493,30333922,30395171,30462210,30541255,30611086,30674153,30709125,30786804,30847348,30922386,31002264,31084962,31151497,31197877,31268107,31345985,31421360,31495649,31575640,31628013,31670031,31737964
Brazil,0,0,0,0,0,0,0,0,0,0,0,0,0,0,0,0,0,0,0,0,0,0,0,0,0,0,0,0,0,0,0,0,1,1,1,2,2,2,2,4,4,13,13,20,25,31,38,52,151,151,162,200,321,372,621,793,1021,1546,1924,2247,2554,2985,3417,3904,4256,4579,5717,6836,8044,9056,10360,11130,12161,14034,16170,18092,19638,20727,22192,23430,25262,28320,30425,33682,36658,38654,40743,43079,45757,50036,54043,59324,63100,67446,73235,79685,87187,92202,97100,101826,108620,115455,126611,135773,146894,156061,162699,169594,178214,190137,203165,220291,233511,241080,255368,271885,291579,310087,330890,347398,363211,374898,391222,411821,438238,465166,498440,514849,526447,555383,584016,614941,645771,672846,691758,707412,739503,772416,802828,828810,850514,867624,888271,923189,955377,978142,1032913,1067579,1083341,1106470,1145906,1188631,1228114,1274974,1313667,1344143,1368195,1402041,1448753,1496858,1539081,1577004,1603055,1623284,1668589,1713160,1755779,1800827,1839850,1864681,1884967,1926824,1966748,2012151,2046328,2074860,2098389,2118646,2159654,2227514,2287475,2343366,2394513,2419091,2442375,2483191,2552265,2610102,2662485,2707877,2733677,2750318,2801921,2859073,2912212,2962442,3012412,3035422,3057470,3109630,3164785,3224876,3275520,3317096,3340197,3359570,3407354,3456652,3501975,3532330,3582362,3605783,3622861,3669995,3717156,3761391,3804803,3846153,3862311,3908272,3950931,3997865,4041638,4091801,4123000,4137521,4147794,4162073,4197889,4238446,4282164,4315687,4330455,4345610,4382263,4419083,4455386,4495183,4528240,4544629,4558040,4591364,4591364,4657702,4689613,4717991,4732309,4745464,4777522,4810935,4847092,4847092,4906833,4915289,4927235,4969141,5000694,5028444,5055888,5082637,5094979,5103408,5113628,5140863,5169386,5200300,5224362,5224362,5250727,5273954,5298772,5323630,5353656,5380635,5394128,5409854,5439641,5468270,5494376,5516658,5535605,5545705,5554206,5566049,5590025,5590025,5631181,5653561,5664115,5675032,5699005,5747660,5781582,5810652,5848959,5863093,5876464,5911758,5945849,5981767,6020164,6052786,6071401,6087608,6118708,6166606,6204220,6238350,6290272,6314740,6335878,6386787,6436650,6487084,6533968,6577177,6603540,6623911,6674999,6728452,6781799,6836227,6880127,6901952,6927145,6970034,7040608,7110434,7162978,7213155,7238600,7263619,7318821,7365517,7423945,7448560,7465806,7484285,7504833,7563551,7619200,7675973,7700578,7716405,7733746,7753752,7810400,7873830,7961673,8013708,8075998,8105790,8131612,8195637,8256536,8324294,8393492,8455059,8488099,8511770,8573864,8638249,8697368,8753920,8816254,8844577,8871393,8933356,8996876,9058687,9118513,9176975,9204731,9229322,9283418,9339420,9396293,9447165,9447165,9524640,9524640,9599565,9659167,9713909,9765455,9809754,9834513,9866710,9921981,9978747,10030626,10084208,10139148,10168174,10195160,10257875,10324463,10390461,10455630,10517232,10551259,10587001,10646926,10718630,10793732,10869227,10938836,11019344,11051665,11122429,11202305,11277717,11363380,11439558,11483370,11519609,11603535,11693838,11780820,11871390,11950459,11998233,12047526,12130019,12220011,12320169,12404414,12490362,12534688,12573615,12658109,12748747,12839844,12910082,12953597,12984956,13013601,13100580,13193205,13279857,13373174,13445006,13482023,13517808,13599994,13673507,13746681,13832455,13900091,13943071,13973695
India,0,0,0,0,0,1,1,1,2,3,3,3,3,3,3,3,3,3,3,3,3,3,3,3,3,3,3,3,3,3,3,3,3,3,3,3,3,5,5,28,30,31,34,39,43,56,62,73,82,102,113,119,142,156,194,244,330,396,499,536,657,727,887,987,1024,1251,1397,1998,2543,2567,3082,3588,4778,5311,5916,6725,7598,8446,9205,10453,11487,12322,13430,14352,15722,17615,18539,20080,21370,23077,24530,26283,27890,29451,31324,33062,34863,37257,39699,42505,46437,49400,52987,56351,59695,62808,67161,70768,74292,78055,81997,85784,90648,95698,100328,106475,112028,118226,124794,131423,138536,144950,150793,158086,165386,173491,181827,190609,198370,207191,216824,226713,236184,246622,257486,265928,276146,286605,297535,308993,320922,332424,343091,354065,366946,380532,395048,410451,425282,440215,456183,473105,490401,508953,528859,548318,566840,585481,604641,625544,648315,673165,697413,719664,742417,767296,793802,820916,849522,878254,906752,936181,968857,1003832,1039084,1077781,1118206,1155338,1193078,1238798,1288108,1337024,1385635,1435616,1480073,1531669,1581963,1634746,1695988,1750723,1803695,1855745,1908254,1964536,2027074,2088611,2153010,2215074,2268675,2329638,2396637,2461190,2525922,2589952,2647663,2702681,2767253,2836925,2905825,2975701,3044940,3106348,3167323,3224547,3310234,3387500,3463972,3542733,3621245,3691166,3769523,3853406,3936747,4023179,4113811,4204613,4280422,4370128,4465863,4562414,4659984,4754356,4846427,4930236,5020359,5118253,5214677,5308014,5400619,5487580,5562663,5646010,5732518,5818570,5903932,5992532,6074702,6145291,6225763,6312584,6394068,6473544,6549373,6623815,6685082,6757131,6835655,6906151,6979423,7053806,7120538,7175880,7239389,7307097,7370468,7432680,7494551,7550273,7597063,7651107,7706946,7761312,7814682,7864811,7909959,7946429,7990322,8040203,8088851,8137119,8184082,8229313,8267623,8313876,8364086,8411724,8462080,8507754,8553657,8591730,8636011,8683916,8728795,8773479,8814579,8845127,8874290,8912907,8958483,9004365,9050597,9095806,9139865,9177840,9222216,9266705,9309787,9351109,9392919,9431691,9462809,9499413,9534964,9571559,9608211,9644222,9677203,9703770,9735850,9767371,9796744,9826775,9857029,9884100,9906165,9932547,9956557,9979447,10004599,10031223,10055560,10075116,10099066,10123778,10146845,10169118,10187850,10207871,10224303,10244852,10266674,10266674,10286709,10323965,10340469,10356844,10374932,10395278,10413417,10413417,10450284,10466595,10479179,10495147,10512093,10527683,10542841,10557985,10571773,10581823,10595639,10610883,10625428,10639684,10654533,10667736,10676838,10689527,10701193,10720048,10733130,10746174,10757610,10766245,10777284,10790183,10802591,10814304,10826363,10838194,10847304,10858371,10871294,10880603,10892746,10904940,10916589,10925710,10937320,10950201,10963394,10977387,10991651,11005850,11016434,11030176,11046914,11063491,11079979,11096731,11112241,11124527,11139516,11156923,11173761,11192045,11210799,11229398,11244786,11262707,11285561,11308846,11333728,11359048,11385339,11409831,11438734,11474605,11514331,11555284,11599130,11646081,11686796,11734058,11787534,11846652,11908910,11971624,12039644,12095855,12149335,12221665,12303131,12392260,12485509,12589067,12686049,12801785,12928574,13060542,13205926,13358805,13527717,13689453,13873825,14074564,14291917,14526609,14788003,15061805,15320972
Mexico,0,0,0,0,0,0,0,0,0,0,0,0,0,0,0,0,0,0,0,0,0,0,0,0,0,0,0,0,0,0,0,0,0,0,1,4,5,5,5,5,5,6,6,7,7,7,8,12,26,41,53,82,93,118,164,203,251,316,367,405,475,585,717,848,993,1094,1215,1378,1510,1688,1890,2143,2439,2785,3181,3441,3844,4219,4661,5014,5399,5847,6297,6875,7497,8261,8772,9501,10544,11633,12872,13842,14677,15529,16752,17799,19224,20739,22088,23471,24905,26025,27634,29616,31522,33460,35022,36327,38324,40186,42595,45032,47144,49219,51633,54346,56594,59567,62527,65856,68620,71105,74560,78023,81400,84627,87512,90664,93435,97326,101238,105680,110026,113619,117103,120102,124301,129184,133974,139196,142690,146837,150264,154863,159793,165455,170485,175202,180545,185122,191410,196847,202951,208392,212802,216852,220657,226089,231770,238511,245251,252165,256848,261750,268008,275003,282283,289174,295268,299750,304435,311486,317635,324041,331298,338913,344224,349396,356255,362274,370712,378285,385036,390516,395489,402697,408449,416179,424637,434193,439046,443813,449961,456100,462690,469407,475902,480278,485836,492522,498380,505751,511369,517714,522162,525733,531239,537031,543806,549734,556216,560164,563705,568621,573888,579914,585738,591712,595841,599560,606036,610957,616894,623090,629409,634023,637509,642860,647321,652364,658299,663973,668381,671716,676487,680931,684113,688954,694121,697663,700580,705263,710049,715457,720858,726431,730317,733717,738163,743216,748315,753090,757953,761665,789780,794608,799188,804488,810020,814328,817503,821045,825340,829396,834910,841661,847108,851227,854926,860714,867559,874171,880775,886800,891160,895326,901268,906863,912811,918811,924962,929392,933155,938405,943630,949197,955128,961938,967825,972785,978531,986177,991835,997393,1003253,1006522,1009396,1011153,1015071,1019543,1025969,1032688,1041875,1049358,1060152,1070487,1078594,1090675,1101403,1107071,1113543,1122362,1133613,1144643,1156770,1168395,1175850,1182249,1193255,1205229,1217126,1229379,1241436,1250044,1255974,1267202,1277499,1289298,1301546,1313675,1320545,1325915,1338426,1350079,1362564,1372243,1377217,1383434,1389430,1401529,1413935,1426094,1437185,1443544,1448755,1455219,1466490,1479835,1493569,1507931,1524036,1534039,1541633,1556028,1571901,1588369,1609735,1630258,1641428,1649502,1668396,1688944,1711283,1732290,1752347,1763219,1771740,1788905,1806849,1825519,1841893,1857230,1864260,1869708,1874092,1886245,1886245,1912871,1926080,1932145,1936013,1946751,1957889,1968566,1978954,1988695,1992794,1995892,2004575,2013563,2022662,2030491,2038276,2041380,2043632,2052266,2060908,2069370,2076882,2084128,2086938,2089281,2097194,2104987,2112508,2119305,2125866,2128600,2130477,2137884,2144486,2150955,2157771,2163875,2166290,2167729,2169007,2175462,2182188,2187910,2193639,2195772,2197160,2203041,2208755,2214542,2219845,2224904,2226550,2227843,2232910,2238887,2244268,2247357,2249195,2250458,2251705,2256509,2261879,2267019,2272064,2278420,2280213,2281840,2286352,2291246,2295435,2299939,2304096,2305602,2306910
United Kingdom,0,0,0,0,0,0,2,2,2,8,8,9,9,9,13,14,14,15,16,17,18,18,18,19,19,20,22,23,23,28,30,34,37,44,56,61,94,134,189,246,295,374,429,483,630,889,1301,1790,2270,2634,3077,3692,4462,5468,6534,7792,9007,10395,12744,15126,17843,20970,24219,27062,29954,34281,38815,43789,48718,53699,57772,61422,66738,72224,77387,82293,86660,90273,93812,98017,102365,107465,112808,117798,122534,126394,131260,136035,141540,146708,151689,155453,158926,163630,168357,173807,178771,183501,186731,189708,193091,196780,200616,204387,207439,209589,211911,215500,218895,222195,224813,227334,229406,231232,233809,236867,239579,242133,244174,245682,247037,248650,250309,252118,253854,255362,256469,257539,258983,260453,261802,263040,264150,264944,265662,266756,267915,269101,270108,271162,272050,272857,273888,274971,275970,276990,277974,278640,279264,280156,281038,281815,282512,283151,283785,284192,284812,285216,285279,285285,285787,286412,286931,287290,287874,288511,289154,289678,290504,291154,291691,292931,293469,294116,294803,295632,296358,296944,297389,297952,298731,299500,300270,301020,301708,302261,303063,303910,304793,305562,306309,307251,307926,308832,309796,310696,311461,312574,313392,314542,315581,316729,318190,319232,320343,321064,322177,323008,324203,325263,326595,327643,328620,329821,330967,332509,333806,334916,336668,338083,339415,340929,342708,344686,346513,349500,352453,354934,357615,360546,364090,367594,370932,373557,376672,380679,384089,388418,392847,396746,401124,406060,412247,418891,425769,431819,437519,441575,448731,455848,462777,469771,482656,505621,518224,532781,546954,564504,578392,593567,606449,620460,637710,657461,676457,692114,708300,725294,744124,765489,792196,813453,834012,857045,876842,897742,920666,945380,968458,992876,1014795,1038056,1057023,1077101,1102307,1126471,1149793,1174772,1195352,1216749,1237200,1260200,1293717,1321033,1347909,1372886,1394302,1414362,1434007,1456943,1477217,1497138,1515805,1531270,1542614,1560875,1578432,1593253,1609144,1621308,1633736,1647233,1663470,1678421,1694803,1710382,1727754,1742528,1754914,1771548,1792614,1814398,1835952,1854493,1874870,1893439,1918739,1954271,1982831,2010080,2046164,2079681,2116612,2155999,2195148,2227951,2262739,2295232,2336692,2389967,2440206,2496235,2549693,2607546,2662703,2721626,2782713,2845269,2898056,2966248,3026346,3081372,3127647,3173295,3220957,3269761,3325646,3367074,3405744,3443354,3476808,3515800,3553777,3594098,3627750,3657861,3680105,3700272,3725641,3754452,3783597,3806997,3828187,3846855,3863761,3882976,3903710,3922914,3941277,3957181,3971319,3983760,3996837,4010380,4025578,4038933,4049924,4059700,4070336,4083096,4095191,4107290,4117743,4127578,4138237,4146760,4156707,4166727,4175315,4182772,4188827,4194289,4200700,4207120,4213764,4219788,4225906,4231166,4235989,4241858,4247879,4254714,4261398,4267015,4271710,4276840,4282203,4287996,4294328,4299200,4304839,4310195,4315602,4321019,4326645,4332922,4339157,4343066,4347013,4351796,4355867,4359982,4364547,4367969,4371393,4373798,4376629,4379033,4381830,4384954,4380167,4382880,4384610,4388296,4390801,4393330,4396096,4398903,4401176,4403060,4406114
Italy,0,0,0,0,0,0,2,2,2,2,2,2,2,3,3,3,3,3,3,3,3,3,3,3,3,3,3,20,62,155,229,322,453,655,888,1128,1694,2036,2502,3089,3858,4636,5883,7375,9172,10149,12462,15113,17660,21157,24747,27980,31506,35713,41035,47021,53578,59138,63927,69176,74386,80589,86498,92472,97689,101739,105792,110574,115242,119827,124632,128948,132547,135586,139422,143626,147577,152271,156363,159516,162488,165155,168941,172434,175925,178972,181228,183957,187327,189973,192994,195351,197675,199414,201505,203591,205463,207428,209328,210717,211938,213013,214457,215858,217185,218268,219070,219814,221216,222104,223096,223885,224760,225435,225886,226699,227364,228006,228658,229327,229858,230158,230555,231139,231732,232248,232664,232997,233197,233515,233836,234013,234531,234801,234998,235278,235561,235763,236142,236305,236651,236989,237290,237500,237828,238159,238011,238275,238499,238720,238833,239410,239706,239961,240136,240310,240436,240578,240760,240961,241184,241419,241611,241819,241956,242149,242363,242639,242827,243061,243230,243344,243506,243736,243967,244216,244434,244624,244752,245032,245338,245590,245864,246118,246286,246488,246776,247158,247537,247832,248070,248229,248419,248803,249204,249756,250103,250566,250825,251237,251713,252235,252809,253438,253915,254235,254636,255278,256118,257065,258136,259345,260298,261174,262540,263949,265409,266853,268218,269214,270189,271515,272912,274644,276338,277634,278784,280153,281583,283180,284796,286297,287753,288761,289990,291442,293025,294932,296569,298156,299506,300897,302537,304323,306235,308104,309870,311364,313011,314861,317409,319908,322751,325329,327586,330263,333940,338398,343770,349494,354950,359569,365467,372799,381602,391611,402536,414241,423578,434449,449648,465726,484869,504509,525782,542789,564778,589766,616595,647674,679430,709335,731588,759829,790377,824879,862681,902490,935104,960373,995463,1028424,1066401,1107303,1144552,1178529,1205881,1238072,1272352,1308528,1345767,1380531,1408868,1431795,1455022,1480874,1509875,1538217,1564532,1585178,1601554,1620901,1641610,1664829,1688939,1709991,1728878,1742557,1757394,1770149,1787147,1805873,1825775,1843712,1855737,1870576,1888144,1906377,1921778,1938083,1953185,1964054,1977370,1991278,2009317,2028354,2038759,2047696,2056277,2067487,2083689,2107166,2129376,2141201,2155446,2166244,2181619,2201945,2220361,2237890,2257866,2276491,2289021,2303263,2319036,2336279,2352423,2368733,2381277,2390102,2400598,2414166,2428221,2441854,2455185,2466813,2475372,2485956,2501147,2515507,2529070,2541783,2553032,2560957,2570608,2583790,2597446,2611659,2625098,2636738,2644707,2655319,2668266,2683403,2697296,2710819,2721879,2729223,2739591,2751657,2765412,2780882,2795796,2809246,2818863,2832162,2848564,2868435,2888923,2907825,2925265,2938371,2955434,2976274,2999119,3023129,3046762,3067486,3081368,3101093,3123368,3149017,3175807,3201838,3223142,3238394,3258770,3281810,3306711,3332418,3356331,3376376,3400877,3419616,3440862,3464543,3488619,3512453,3532057,3544957,3561012,3584899,3607083,3629000,3650247,3668264,3678944,3686707,3700393,3717602,3736526,3754077,3769814,3779594,3793033,3809193,3826156,3842079,3857443,3870131,3878994
France,3,3,3,4,5,5,5,6,6,6,6,6,6,6,11,11,11,11,11,11,11,12,12,12,12,12,12,12,12,12,12,14,18,38,57,100,130,191,212,288,426,616,948,1125,1411,1783,2293,2293,3681,4496,4532,6683,7715,9124,10970,12758,14463,16758,20123,22372,25334,29252,33047,37692,40295,44649,52278,57122,59228,64452,47378,48233,50887,47396,51251,55035,56600,58045,108791,111932,129380,132588,145166,147057,150863,151955,154402,157068,158868,157158,159969,161647,162280,165966,169098,167643,168861,169387,170179,170540,171102,172219,176355,177096,177627,178156,178405,178719,179472,179993,180635,181148,181563,181703,182147,182648,183130,183397,184153,184699,184260,184585,184840,185012,188355,188949,190744,190975,191382,190735,187509,191869,192450,193022,193363,193637,194190,194815,195179,195981,196478,196868,197004,197667,198155,198741,199528,200147,200490,200632,201330,201598,201853,203116,203564,203158,203803,204244,205234,205773,206312,206670,206681,207699,208153,208975,209419,210134,210385,210401,211824,211886,212613,213182,214011,214174,214178,216089,216684,217605,218841,219932,220020,220020,222508,223072,224542,225931,227239,227302,227305,230665,231636,233344,234945,237332,237402,237437,242168,243582,246180,248858,251781,254991,257994,258644,260763,264535,269335,274344,277818,282498,284474,288090,288377,299580,307221,312681,318047,321160,326264,333377,340499,349333,357927,364943,369209,375947,384566,394328,403837,415174,421519,427915,435741,445932,456171,469404,482964,493500,499039,509123,522414,538264,554368,568588,579223,583522,591527,605893,618944,631380,647868,660372,666011,677321,696274,713676,734764,761441,777378,786590,800216,823218,852975,878607,910711,940548,954837,975213,1002635,1043448,1086285,1131550,1138166,1211176,1245658,1283208,1329820,1379294,1414364,1460543,1566634,1639235,1593159,1650965,1711917,1798572,1837134,1858558,1881171,1917577,1950205,1974270,2006227,2033419,2043469,2089071,2117968,2138704,2161968,2179638,2192768,2197830,2207751,2224505,2237506,2250280,2262757,2272520,2276874,2285238,2299466,2312253,2323764,2336646,2347595,2351006,2365043,2379718,2393590,2407079,2421026,2432559,2435751,2447406,2465126,2483524,2499529,2516957,2529756,2535716,2547577,2562615,2584333,2604595,2607688,2616510,2619616,2631110,2657624,2677666,2697014,2700480,2712975,2717059,2737884,2763116,2784883,2804743,2824920,2840864,2844680,2864360,2888292,2909723,2931040,2952449,2969091,2972889,2996784,3023661,3046371,3069695,3093619,3112055,3116355,3138498,3165449,3189405,3212640,3236685,3255920,3260308,3283645,3310051,3310071,3355678,3376266,3395981,3400324,3419210,3444888,3465964,3486673,3507904,3524450,3528856,3548452,3573638,3596156,3620283,3642654,3664700,3669354,3689534,3721061,3746475,3771691,3795687,3815639,3820369,3843241,3870144,3895430,3918937,3942243,3964078,3969612,3992755,4022429,4050558,4075735,4105527,4131874,4138345,4168411,4206912,4241973,4277171,4312510,4343097,4358910,4373607,4438999,4484659,4526530,4569164,4606185,4615295,4646014,4705068,4755779,4802457,4802545,4883174,4893971,4902025,4902985,5000155,5000314,5001685,5119585,5128140,5167265,5210772,5248853,5285304,5321176,5350521,5357229
Iran,0,0,0,0,0,0,0,0,0,0,0,0,0,0,0,0,0,0,0,0,0,0,0,0,0,2,5,18,28,43,61,95,139,245,388,593,978,1501,2336,2922,3513,4747,5823,6566,7161,8042,9000,10075,11364,12729,13938,14991,16169,17361,18407,19644,20610,21638,23049,24811,27017,29406,32332,35408,38309,41495,44605,47593,50468,53183,55743,58226,60500,62589,64586,66220,68192,70029,71686,73303,74877,76389,77995,79494,80868,82211,83505,84802,85996,87026,88194,89328,90481,91472,92584,93657,94640,95646,96448,97424,98647,99970,101650,103135,104691,106220,107603,109286,110767,112725,114533,116635,118392,120198,122492,124603,126949,129341,131652,133521,135701,137724,139511,141591,143849,146668,148950,151466,154445,157562,160696,164270,167156,169425,171789,173832,175927,177938,180156,182525,184955,187427,189876,192439,195051,197647,200262,202584,204952,207525,209970,212501,215096,217724,220180,222669,225205,227662,230211,232863,235429,237878,240438,243051,245688,248379,250458,252720,255117,257303,259652,262173,264561,267061,269440,271606,273788,276202,278827,281413,284034,286523,288839,291172,293606,296273,298909,301530,304204,306752,309437,312035,314786,317483,320117,322567,324692,326712,328844,331189,333699,336324,338825,341070,343203,345450,347835,350279,352558,354764,356792,358905,361150,363363,365606,367796,369911,371816,373570,375212,376894,378752,380746,382772,384666,386658,388810,391112,393425,395488,397801,399940,402029,404648,407353,410334,413149,416198,419043,422140,425481,429193,432798,436319,439882,443086,446448,449960,453637,457219,461044,464596,468119,471772,475674,479825,483844,488236,492378,496253,500075,504281,508389,513219,517835,522387,526490,530380,534631,539670,545286,550757,556891,562705,568896,574856,581824,588648,596941,604952,612772,620491,628780,637712,646164,654936,663800,673250,682486,692949,703288,715068,726585,738322,749525,762068,775121,788473,801894,815117,828377,841308,854361,866821,880542,894385,908346,922397,935799,948749,962070,975951,989572,1003494,1016835,1028986,1040547,1051374,1062397,1072620,1083023,1092407,1100818,1108269,1115770,1123474,1131077,1138530,1145651,1152072,1158384,1164535,1170743,1177004,1183182,1189203,1194963,1200465,1206373,1212481,1218753,1225142,1231429,1237474,1243434,1249507,1255620,1261903,1268263,1274514,1280438,1286406,1292614,1299022,1305339,1311810,1318295,1324395,1330411,1336217,1342134,1348316,1354520,1360852,1367032,1372977,1379286,1385706,1392314,1398841,1405414,1411731,1417999,1424596,1431416,1438286,1445326,1452380,1459370,1466435,1473756,1481396,1488981,1496455,1503753,1510873,1518263,1526023,1534034,1542076,1550142,1558159,1566081,1574012,1582275,1590605,1598875,1607081,1615184,1623159,1631169,1639679,1648174,1656699,1665103,1673470,1681682,1689692,1698005,1706559,1715162,1723470,1731558,1739360,1746953,1754933,1763313,1771115,1778645,1786265,1793805,1801065,1808422,1815712,1823317,1830823,1838803,1846923,1855674,1864984,1875234,1885564,1897314,1908974,1920394,1932074,1945964,1963394,1984348,2006934,2029412,2049078,2070141,2093452,2118212,2143794,2168872,2194133,2215445,2237089,2261435
Spain,0,0,0,0,0,0,0,1,1,1,1,1,1,1,1,2,2,2,2,2,2,2,2,2,2,2,2,2,2,2,2,6,13,15,32,45,84,120,165,222,259,400,500,673,1073,1695,2277,2277,5232,6391,7798,9942,11748,13910,17963,20410,25374,28768,35136,39885,49515,57786,65719,73235,80110,87956,95923,104118,112065,119199,126168,131646,136675,141942,148220,153222,158273,163027,166831,170099,172541,177644,184948,190839,191726,198674,200210,204178,208389,213024,202990,205905,207634,209465,210773,212917,213435,215216,216582,217466,218011,219329,220325,221447,222857,223578,224350,227436,228030,228691,229540,230183,230698,230698,231606,232037,232555,233037,234824,235290,235772,235400,236259,236259,237906,238564,239228,239479,239638,239932,240326,240660,240978,241310,241550,241717,241966,242280,242707,243209,243605,243928,244109,244328,244683,245268,245575,245938,246272,246504,246752,247086,247486,247905,248469,248770,248970,249271,249659,250103,250545,250545,250545,251789,252130,252513,253056,253908,253908,253908,255953,256619,257494,258855,260255,260255,260255,264836,266194,267551,270166,272421,272421,272421,278782,280610,282641,285430,288522,288522,288522,297054,302814,305767,309855,314362,314362,314362,322980,326612,329784,337334,342813,342813,342813,359082,364196,370867,377906,386054,386054,386054,405436,412553,419849,429507,439286,439286,439286,462858,470973,479554,488513,498989,498989,498989,525549,534513,543379,554143,566326,566326,566326,593730,603167,614360,625651,640040,640040,640040,671468,682267,693556,704209,716481,716481,716481,748266,748266,769188,778607,789932,789932,789932,813412,825410,835901,848324,861112,861112,861112,888968,896086,908056,921374,936560,936560,936560,974449,988322,1005295,1026281,1046132,1046132,1046132,1098320,1116738,1136503,1160083,1185678,1185678,1185678,1240697,1259366,1284408,1306316,1328832,1328832,1328832,1381218,1381218,1417709,1437220,1458591,1458591,1458591,1496864,1510023,1525341,1541574,1556730,1556730,1556730,1582616,1594844,1605066,1617355,1628208,1628208,1628208,1648187,1656444,1665775,1675902,1684647,1684647,1684647,1702328,1702328,1712101,1720056,1730575,1730575,1730575,1751884,1762212,1773290,1785421,1797236,1797236,1797236,1819249,1829903,1842289,1854951,1854951,1854951,1854951,1879413,1893502,1910218,1928265,1928265,1928265,1928265,1958844,1982544,1982544,2024904,2050360,2050360,2050360,2111782,2137220,2176089,2211967,2252164,2252164,2252164,2336451,2370742,2412318,2456675,2499560,2499560,2499560,2593382,2629817,2670102,2705001,2743119,2743119,2743119,2822805,2851869,2883465,2913425,2941990,2941990,2941990,2989085,3005487,3023601,3041454,3056035,3056035,3056035,3086286,3096343,3107172,3121687,3133122,3133122,3133122,3153971,3161432,3170644,3180212,3188553,3188553,3188553,3204531,3130184,3136321,3142358,3149012,3149012,3149012,3160970,3164982,3172101,3178356,3183704,3183704,3183704,3195062,3200024,3206116,3212332,3212332,3212332,3212332,3228803,3234319,3234319,3247738,3255324,3255324,3255324,3270825,3275819,3284353,3291394,3291394,3300965,3300965,3311325,3317948,3326736,3336637,3347512,3347512,3347512,3370256,3376548,3387022,3396685,3407283,3407283,3407283,3428354
Russia,0,0,0,0,0,0,2,2,2,2,2,2,2,2,2,2,2,2,2,2,2,2,2,2,2,2,2,2,2,2,2,2,2,2,2,2,2,3,3,3,4,13,13,17,17,20,20,28,45,59,63,90,114,147,199,253,306,367,438,495,658,840,1036,1264,1534,1836,2337,2777,3548,4149,4731,5389,6343,7497,8672,10131,11917,13584,15770,18328,21102,24490,27938,32008,36793,42853,47121,52763,57999,62773,68622,74588,80949,87147,93558,99399,106498,114431,124054,134687,145268,155370,165929,177160,187859,198676,209688,221344,232243,242271,252245,262843,272043,281752,290678,299941,308705,317554,326448,335882,344481,353427,362342,370680,379051,387623,396575,405843,414328,423186,431715,440538,449256,458102,467073,476043,484630,493023,501800,510761,519458,528267,536484,544725,552549,560321,568292,576162,583879,591465,598878,606043,613148,619936,626779,633563,640246,646929,653479,660231,666941,673564,680283,686852,693215,699749,706240,712863,719449,726036,732547,738787,745197,751612,758001,764215,770311,776212,782040,787890,793720,799499,805332,811073,816680,822060,827509,832993,838461,843890,849277,854641,859762,864948,870187,875378,880563,885718,890799,895691,900745,905762,910778,915808,920719,925558,930276,935066,939833,944671,949531,954328,959016,963655,968297,972972,977730,982573,987470,992402,997072,1001965,1006923,1011987,1017131,1022228,1027334,1032354,1037526,1042836,1048257,1053663,1059024,1064438,1069873,1075485,1081152,1086955,1092915,1098958,1105048,1111157,1117487,1123976,1131088,1138509,1146273,1154299,1162428,1170799,1179634,1188928,1198663,1209039,1219796,1231277,1242258,1253603,1265572,1278245,1291687,1305093,1318783,1332824,1346380,1361317,1376020,1390824,1406667,1422775,1438219,1453923,1471000,1487260,1503652,1520800,1537142,1553028,1570446,1588433,1606267,1624648,1642665,1661096,1680579,1699695,1720063,1740172,1760420,1781997,1802762,1822345,1843678,1865395,1887836,1910149,1932711,1954912,1975629,1998966,2023025,2047563,2071858,2096749,2120836,2144229,2169424,2196691,2223500,2249890,2275936,2302062,2327105,2354934,2382012,2410462,2439163,2466961,2492713,2518551,2546113,2574319,2602048,2629699,2656601,2682866,2708940,2736727,2764843,2792615,2821125,2850042,2878382,2905196,2934695,2963290,2992123,3019972,3047335,3073923,3100018,3127347,3153960,3179898,3203743,3226758,3250713,3274615,3297833,3321163,3344175,3366715,3389733,3412390,3434934,3459237,3483531,3507201,3530379,3552888,3574330,3595136,3616680,3637862,3658447,3679247,3698246,3716228,3733692,3752548,3771514,3790265,3808348,3825739,3842145,3858367,3874830,3891274,3907653,3923461,3939162,3953970,3968228,3983031,3997898,4012538,4026506,4040505,4053535,4066164,4079407,4092649,4105424,4117992,4130447,4142126,4153735,4164802,4175757,4187166,4198400,4209850,4220291,4230707,4241970,4252876,4263785,4274263,4284408,4293750,4302726,4311893,4321588,4331396,4341381,4350728,4360033,4368943,4378656,4388268,4397816,4407031,4416226,4424595,4433364,4442492,4451565,4460348,4469327,4477916,4486078,4494234,4503291,4511973,4520879,4529576,4538101,4546307,4554481,4563026,4572053,4580633,4589209,4597400,4605444,4613646,4622464,4631336,4640537,4649044,4657509
